,Leaf_Area(mm2),Leaf_perimeter_1(mm),Circularity,Leaf Width (mm),Leaf Length (mm),Length to width ratio,Leaf symmetry_horizontal,Leaf symmetry_vertical,Number of indnets in leaf,Mean leaf indent width,mean leaf indent depth,Leaf fresh weight,Leaf dry wieght,Leaf_Area_2 (mm2),Speciofic leaf area,Ldmc ( mgg-1),LMA (gm-2),Chlorophyll content (Spad),Percent nitrogen,percent carbon,Adaxial epidermis cell type,Leaf_thickness,Thickness  of adaxial epidermis,Thickness  of adaxial hypodermis,Adaxial cell depth,Adaxial  hypodermis cell layers,Thickness  of abaxial epidermis,Thickness  of abaxial hypodermis,Abaxial cell depth,Abaxial  hypodermis cell layers,Depth of mesophyll,Dpeth of palisade mesophyll,Depth of spongy mesophyll,Number of stomatal clusters per mm2 of leaf ,Average distance between stomatal clusters,Substomatal chamber width,Substomatal chamber length,Number of stomata in each cluster,Abaxial length of trichomes type 1,Abaxial number of trichomes type 1,Abaxial number of trichome type 2,,Adaxial number of trichomes type 1,Adaxial number of trichome type 2,Width of petiole,Number of central vascular bundles,Number of inner vascular bundles,Number of outer vascular bundles,Length of inner vascular bundle in cross section,Width of inner vascular bundle in cross section,Length of outer vascular bundle in cross section,Width of outer vascular bundle in cross section,Petiole Length,Petiole Width,Length_Leaf_1,Length_Leaf_2,Leaf_width,Stipule_lengthRhizome count,,Number of leaves,Length of rhizome,Width of rhizome
Observation,Area,Perimeter,Circularity,width,Length,l:W,H. Symm,ver.symm ,N._I,I_w_m,I_d_m,Fw (g),Dw 1 (gm),A_2,SLA,Ldmc,LMA,Chlorophyll,%N,%C,peaked_epidermis,leaf_depth,Ad_epi,Ad_hyp,Ad_cell,Ndhc,Ab_epi,Ab_hyp,Ab_cell,Nbhc,meso,dpm,dsm,NscF,Av,sscw,sscl,Nsc,blt1,bNt1,bNt2,dlt1,dNt1,dNt2,wp,Ncvb,Nivb,Novb,Livb,wivb,Lovb,wovb,PetL,PetW,LL1,LL2,LW,StipL,rhiz,N0L,Lrhiz,wrhiz
360_001,15300.25,471.37,82.42,132.41,175.44,1.33,0.55,1.11,29.5,14.56,1.52,8.21,0.418,15175.77,363.06,50.91,27.54,43.9,3.77,50.38,1,0.54,0.0353,0.1803,0.1477,1,0.039,0.1217,0.1153,1,0.1273,0.0468,0.0837,100,0.26,0.1371,0.1089,3.8,1.397,14.667,2.667,0.233,0.333,1.333,4.9,0,5,19,0.3833,0.1537,0.2927,0.1177,165,5.73,120,165,115,27,3,18,15,10.98
360_002,5651.79,271.32,80.66,80.33,103.49,1.3,0.74,1.08,21.33,11.47,1.45,1.93,0.121,5492.07,453.89,62.69,22.03,31.5,5.78,63.64,1,0.44,0.0118,0.0601,0.0492,1,0.0312,0.0406,0.128,1,0.14,0.0581,0.0581,66.7,0.26,0.1326,0.2186,4.4,1.196,8,1,1.371,2,0.333,4.57,0,5,11,0.4303,0.1753,0.248,0.1287,180,5.18,85,125,95,15,2,10,20,7.69
360_003,8985.43,391.28,79.18,106.1,134.3,1.27,0.72,0.77,26,13,2.18,3.18,0.25,8985.43,359.42,78.61,27.82,42.93,4.31,49.43,0,0.34,0.03,0.02,0.0164,1,0.04,0.06,0.0128,1,0.11,0.04,0.06,86.7,0.22,0.0976,0.0715,1.6,1.339,15,1.333,0.992,3.333,1,5.06,1,6,23,0.347,0.1537,0.2247,0.1187,190,5.88,110,145,105,15,6,24,14.1,7.47
360_004,12470.47,408.28,85.44,119.19,147.38,1.2,0.73,1.08,29,11.92,1.71,2.54,0.176,6062.57,344.46,69.29,29.03,30.37,6.14,52.54,0,0.5,0.0367,0.195,0.151,1,0.0357,0.0702,0.124,1,0.153,0.069,0.073,86.7,0.22,0.0976,0.0715,1.6,1.704,12.667,1.333,1.03,1.667,1,5.84,0,7,24,0.4067,0.1887,0.2637,0.1273,240,7.5,165,110,120,28,2,11,20,11.73
360_005,6238.42,301.6,79.55,81.4,118.46,1.46,0.62,1.31,18,11.41,1.46,2.94,0.204,6424.59,314.93,69.39,31.75,41.5,4.41,50.55,0,0.45,0.0371,0.174,0.1673,1,0.0378,0.0967,0.1167,1,0.123,0.05,0.0693,88.3,0.26,0.1408,0.1174,2.4,0.916,14.667,2.333,0.596,1,0.333,3.65,0,6,15,0.2967,0.1647,0.2433,0.125,135,4.15,70,95,65,13,3,18,18.3,5.66
360_006,13362.04,456.1,73.6,123.55,180.52,1.46,0.54,1.54,37,11.16,1.48,2.94,0.182,13362.04,742.2,61.9,18,31.73,5.02,57.37,1,0.55,0.02,0.2,0.109,1,0.03,0.11,0.1,1,0.11,0.04,0.08,68.3,0.26,0.1668,0.1692,3.8,0.785,4.333,1,0.891,3,1.333,6.1,0,8,27,0.326,0.1997,0.25,0.1483,230,7.21,115,155,100,12,4,20,15,5.4
360_007,8238.15,364.83,83.75,97.67,125.87,1.3,0.32,1.09,24,14.12,1.91,3.41,0.215,7305.38,339.79,63.05,29.43,44.77,6.31,58.94,0,0.49,0.0384,0.15,0.1193,1,0.0396,0.1183,0.153,1,0.1657,0.0805,0.0877,61.7,0.35,0.1606,0.1478,2.8,1.156,6,0.333,0.601,4.333,0.333,5.19,0,6,23,0.3747,0.2533,0.2593,0.1653,165,6.5,100,135,100,28,3,13,15,9.1
360_008,8926.49,349.85,80.79,103.49,133.72,1.29,0.78,1.03,26,13.75,1.6,3.97,0.248,8183.22,329.97,62.47,30.31,43.13,2.54,26.87,0,0.45,0.0396,0.173,0.118,1,0.0335,0.0991,0.1073,1,0.1173,0.0374,0.0741,81.7,0.23,0.1492,0.1576,4.2,0.824,9,4.667,1.023,2,0.667,4.92,0,6,16,0.295,0.141,0.2687,0.117,170,6.21,105,145,115,28,5,22,18,7.16
360_009,21926.84,557.27,71.65,149.13,219.48,1.47,0.41,1.35,33.5,14.56,2.01,1.28,0.131,36281.86,2769.61,102.34,3.61,40.2,5.38,60.63,0,0.63,0.0308,0.1923,0.1217,1,0.0394,0.0697,0.1207,1,0.1497,0.0448,0.0899,71.7,0.23,0.0746,0.0977,1.8,1.322,11.667,1.333,1.265,5.333,1,3.81,0,5,16,0.2233,0.1377,0.2257,0.0953,145,4.65,90,120,85,24,6,26,16.3,7
360_010,8373.78,352.91,77.31,98.55,132.56,1.34,0.63,1.23,22,14.39,1.85,3.02,0.2,5650.01,282.5,66.23,35.4,44.07,3.96,42.14,0,0.54,0.0427,0.189,0.159,2,0.0399,0.0823,0.1357,1,0.1397,0.0559,0.0809,78.3,0.27,0.1472,0.1438,3.8,0.866,10.667,1.333,1.046,16.667,3.333,4.79,0,6,20,0.3753,0.178,0.3007,0.137,165,5.75,105,145,110,15,4,24,18.75,6.46
360_011,8728.24,364.24,84.61,103.78,124.42,1.18,0.43,1.07,24.5,14.22,2.11,2.99,0.142,6359.1,447.82,47.49,22.33,42.77,4.21,42,0,0.58,0.0377,0.2143,0.135,1,0.0357,0.083,0.1183,1,0.1683,0.0712,0.094,95,0.24,0.2534,0.0796,1.8,1.147,1.333,0.333,1.554,9.333,0.333,5.09,0,6,15,0.367,0.195,0.3047,0.153,235,5.68,125,170,125,28,5,23,18,8.71
360_012,6384.49,279.94,87.38,86.34,104.22,1.19,0.92,1.17,18.5,11.32,1.1,2.37,0.129,3784.22,293.35,54.43,34.09,33.53,5.44,54.16,0,0.64,0.0363,0.2317,0.131,1,0.0408,0.0973,0.1463,1,0.1427,0.0517,0.093,91.7,0.22,0.1078,0.0918,3,1.508,18.333,1.667,0.867,2.333,0,4.49,0,6,20,0.3623,0.169,0.3113,0.1577,245,6.94,75,110,80,22,6,27,15.83,7.52
360_013,8358.74,353.49,78.23,101.02,131.1,1.29,0.73,1.17,24,13.45,1.78,1.57,0.117,6297.58,538.25,74.52,18.58,31.97,2.85,49.74,0,0.45,0.0331,0.1977,0.1023,1,0.0333,0.0713,0.0991,1,0.116,0.0419,0.0871,166.7,0.21,0.1606,0.1269,6,0.576,2,0.333,1.207,16.667,1.667,4.88,0,7,27,0.3973,0.1717,0.3197,0.148,260,7.46,105,155,110,28,5,21,17,7.19
360_015,10106.31,395.93,76.42,109.01,150.73,1.38,0.59,1.22,27.5,12.95,1.74,3.22,0.23,9128.58,396.89,71.43,25.2,37.07,2.74,46.63,0,0.5,0.0457,0.1477,0.146,1,0.0414,0.1005,0.1253,1,0.1523,0.0639,0.0969,41.7,0.55,0.2212,0.1648,1.6,0.686,1.667,0.333,0.712,7.333,1,5.8,1,8,12,0.5197,0.2333,0.39,0.1907,195,5.81,105,135,90,22,3,20,21.66,9.12
360_016,21769.83,418.31,89.47,147.09,178.92,1.21,0.86,1.2,25.5,13.74,1.44,3.09,0.1511,6837.4,452.51,48.9,22.1,36.53,5.32,72.67,0,0.48,0.0438,0.1617,0.1117,1,0.0285,0.0938,0.1423,1,0.1443,0.0556,0.083,81.7,0.23,0.137,0.1078,2.8,1.065,19.667,2.333,1.308,2.333,0.333,5.57,0,6,16,0.5523,0.247,0.369,0.2157,215,7.1,90,125,95,20,4,20,18.75,8.27
360_020,14349.78,425.73,80.24,130.23,168.17,1.29,0.62,0.97,27.5,15.06,1.72,5.16,0.276,10362.19,375.44,53.49,26.64,30.13,3.32,49.58,0,0.6,0.0398,0.2177,0.2127,2,0.0393,0.0877,0.1049,1,0.1543,0.0448,0.0973,55,0.26,0.1888,0.165,5.8,1.323,7.333,1,0.873,1.667,0,6.34,1,5,22,0.4637,0.271,0.4007,0.177,160,5.05,105,145,105,26,6,22,14.16,5.29
360_021,9831.79,381.69,78.14,108.72,141.28,1.29,0.57,1.31,22,14.87,1.86,3.7,0.239,6831.56,285.84,64.59,34.98,39.43,3.19,43.55,0,0.63,0.0441,0.3123,0.1473,1,0.0437,0.1183,0.1737,1,0.1173,0.0519,0.073,98.3,0.21,0.1287,0.1518,3.2,1.042,4.667,2.333,1.106,3.667,0.667,4.99,0,6,22,0.356,0.1847,0.2767,0.153,165,6.59,115,150,115,28,6,32,23.33,8.3
360_022,11038.02,364.83,86.34,114.68,141.13,1.23,0.56,1.11,21.5,13.15,1.03,4.74,0.2,9815.69,490.78,42.19,20.38,46.5,4.56,48.96,1,0.49,0.0282,0.2167,0.1323,2,0.0289,0.0854,0.1263,1,0.179,0.0937,0.0814,56.7,0.27,0.1744,0.1511,2.6,1.555,10.333,5.667,2.027,1,0.667,4.79,0,6,11,0.4537,0.2663,0.2997,0.184,260,6.42,105,135,115,25,5,25,22,8.31
360_023,10500.02,375.29,83.21,107.12,138.52,1.29,0.83,1.15,18.5,16.63,2.12,3.06,0.148,5520.04,372.98,48.37,26.81,30.4,4.35,47.9,0,0.55,0.0388,0.262,0.1753,1,0.0418,0.1003,0.1293,1,0.1503,0.0621,0.0664,55,0.27,0.1616,0.1416,3.2,1.165,1.667,0.333,0.969,1.05,1,4.83,1,6,15,0.416,0.1987,0.2607,0.185,255,5.88,100,120,100,18,5,24,17,7.11
360_024,4961.93,271.22,88.61,72.53,96.66,1.32,0.71,0.94,22,11.45,1.35,2.06,0.155,4211.48,271.71,75.24,36.8,42.5,4,43.23,0,0.83,0.054,0.169,0.1897,1,0.0522,0.1388,0.1294,1,0.1667,0.0646,0.102,41.7,0.35,0.2084,0.2222,3.6,1.004,8,2.333,1.14,2,0,4.3,1,6,13,0.2893,0.166,0.247,0.117,270,5.29,90,105,75,28,7,41,22.14,7.95
360_025,4598.18,257.56,91.28,82.27,77.91,0.95,0.4,0.82,18,10.87,1.35,2.57,0.144,4598.18,319.32,56.03,31.32,37.17,3.08,43.77,0,0.55,0.0621,0.154,0.1613,1,0.0459,0.097,0.1613,1,0.1547,0.0787,0.0952,43.3,0.32,0.1632,0.1267,2.8,0.72,4,1,0.656,1.333,0,4.66,1,6,14,0.3863,0.1853,0.3257,0.1287,265,5.68,90,125,90,20,4,26,33.75,8.28
360_026,13332.8,497.82,75.62,129.36,168.75,1.3,0.77,1.2,30,14.88,2.91,4.09,0.277,10722.94,387.11,67.73,25.83,39.6,3.73,36.13,0,0.48,0.0478,0.152,0.13,1,0.0516,0.0738,0.153,1,0.1307,0.0428,0.0961,68.3,0.3,0.3098,0.1453,3.8,1.372,5,2,2.073,1,0.667,5.36,1,6,14,0.5197,0.271,0.459,0.2583,220,6.14,110,145,105,20,4,21,32.5,13.39
360_027,14119.67,464.24,85.87,125.58,151.89,1.21,0.73,1,26,16.33,2.76,2.83,0.22,6357.83,288.99,77.74,34.6,41.2,3.52,37.8,0,0.46,0.0409,0.1503,0.1393,1,0.0464,0.0724,0.1188,1,0.132,0.0656,0.0769,68.3,0.27,0.1402,0.1732,3.2,1.552,7.333,0.667,0.897,3,0.333,5.62,1,6,22,0.3433,0.2077,0.3127,0.1453,260,5.11,95,130,95,20,2,6,17.5,9.01
360_028,15974.6,496.95,90.97,136.63,159.3,1.16,1.08,1.08,28.5,16.32,2.57,5.08,0.298,10103.35,339.04,58.66,29.5,42.07,4.32,59.37,1,0.55,0.032,0.2237,0.1113,1,0.0344,0.1041,0.14,1,0.1317,0.0564,0.07,106.7,0.25,0.1306,0.1137,4,1.8,26.333,2,1.227,2,1,5.99,0,6,21,0.509,0.3003,0.371,0.1527,185,6.37,105,150,120,21,7,25,16.42,9.07
360_029,13533.67,435.76,85.57,120.49,148.11,1.24,0.69,1.01,23,17.15,2.46,3.11,0.183,5228.5,285.71,58.84,35,38.13,3.33,44.9,0,0.64,0.0395,0.214,0.1807,1,0.0467,0.1233,0.168,1,0.1437,0.0523,0.0904,53.3,0.31,0.1242,0.177,4.2,0.59,10.333,1.667,0.981,3,0.667,7.34,0,5,18,0.6687,0.2447,0.4263,0.209,150,5.69,105,140,100,27,3,17,16.42,11.74
360_030,15484.68,514.97,82.06,135.9,170.78,1.26,0.62,1.07,32,15.31,2.58,5.59,0.289,11557.18,399.9,51.7,25.01,44.47,3.37,33.55,0,0.48,0.0384,0.2017,0.1155,1,0.032,0.0884,0.1443,1,0.1283,0.0462,0.081,81.7,0.26,0.1408,0.1149,2.8,1.038,10.667,1.333,1.74,2,0.667,7.09,0,6,21,0.4267,0.2213,0.3507,0.1593,235,6.8,105,150,105,23,4,23,24,8.67
360_031,9258.34,366.72,82.16,104.51,130.52,1.28,0.55,1.25,22.5,14.59,1.7,2.17,0.14,6176.73,441.2,64.52,22.67,38.1,4.07,41.39,0,0.52,0.014,0.0816,0.1173,1,0.0388,0.0799,0.163,1,0.135,0.0615,0.081,76.7,0.31,0.176,0.2206,4.6,1.633,6.333,1.333,1.597,1.333,0.667,5.44,0,6,13,0.3927,0.148,0.2477,0.0958,220,6.55,110,140,110,25,7,39,22.14,7.97
360_032,10725.39,389.53,86.94,112.06,134.3,1.22,0.9,1,30,10.5,1.29,3.78,0.211,7285.61,345.29,55.82,28.96,44.07,4.07,50.89,0,0.58,0.0367,0.2633,0.1227,1,0.035,0.1087,0.127,1,0.1217,0.0537,0.067,108.3,0.22,0.1066,0.0948,3,1.397,8.667,0.667,1.373,5.333,1,6.26,0,6,22,0.5397,0.276,0.433,0.17,220,7.16,105,155,120,23,3,12,16.66,8.64
360_033,11694.41,416.86,82.13,119.91,148.98,1.23,0.9,1.26,24.5,15.9,2.46,3.41,0.263,9389.79,357.03,77.13,28.01,48.77,5.14,49.51,0,0.54,0.04,0.157,0.144,1,0.0321,0.0865,0.1377,1,0.1303,0.094,0.0911,88.3,0.27,0.1449,0.1279,3.2,1.89,21.667,1,0.885,2.333,2.333,6.58,0,6,22,0.5233,0.218,0.4537,0.171,280,6.66,115,165,120,28,8,31,16.88,8.32
360_034,10944.34,365.55,81.31,112.35,147.53,1.32,1.06,1.46,27.5,11.46,1.17,4.65,0.244,8288.35,339.69,52.47,29.44,46.6,3.74,46.08,1,0.61,0.0459,0.2447,0.1103,1,0.027,0.1327,0.1298,1,0.1343,0.0607,0.0691,98.3,0.24,0.096,0.0944,3.2,1.607,24,3.333,0.877,2,2,4.98,0,6,14,0.35,0.1897,0.2913,0.131,240,6.89,120,160,130,31,5,19,22,9.79
360_035,11949.11,418.17,76.21,115.7,164.68,1.42,0.73,0.97,28,14.05,1.75,5.13,0.064,8797.83,1374.66,12.48,7.27,38.9,3.2,39.74,0,0.75,0.042,0.2644,0.1643,2,0.0427,0.0975,0.1393,1,0.1997,0.09,0.0904,48.3,0.29,0.1219,0.1647,2.6,1.428,1.333,0,1.643,11,2,7.11,0,6,17,0.4,0.1923,0.3353,0.1557,240,6.97,110,150,110,29,5,21,19,8.38
360_036,11137.9,407.27,87.64,118.02,135.9,1.19,0.63,1.36,21.5,17.16,2.24,5.68,0.252,9577.56,380.06,44.37,26.31,44.73,4,49.5,1,0.51,0.0336,0.1593,0.136,1,0.0367,0.1177,0.154,1,0.165,0.0621,0.0985,86.7,0.26,0.127,0.1192,2.4,1.062,1,0.667,1.209,7,2.333,5.82,0,5,12,0.434,0.1897,0.3143,0.153,225,4.88,85,115,95,22,2,13,17.5,7.95
360_037,5844.63,268.46,81.52,81.69,103.2,1.29,0.71,1.3,17,12.51,1.14,2.16,0.07,3190.58,455.8,32.41,21.94,32.5,3.62,37.52,0,0.53,0.0378,0.2077,0.1673,2,0.0422,0.1137,0.1327,1,0.1126,0.0469,0.0601,118.3,0.17,0.0852,0.0777,2.8,0.907,3,1,0.609,4.667,0.333,5.48,0,6,28,0.3867,0.1627,0.2647,0.1198,90,3.22,50,70,55,8,2,8,7.5,7.95
360_039,3688.48,232.85,81.27,68.9,83.14,1.21,0.92,1.36,13,11.58,1.24,2.68,0.07,4679.89,668.56,26.12,14.96,47,3.52,36.52,0,0.63,0.0581,0.2667,0.1987,1,0.0417,0.1103,0.1557,1,0.1767,0.0908,0.088,65,0.31,0.171,0.1967,3.2,0.834,5.333,1,0.935,1.333,0.667,6.66,0,5,9,0.2857,0.1987,0.283,0.1563,245,7.06,100,130,90,18,4,21,20,8.78
360_040,8613.44,310.9,84.9,98.4,122.24,1.22,0.77,1.26,17.5,13.64,1.35,1.88,0.093,4106.1,441.52,49.47,22.65,37.43,4.05,58,0,0.42,0.032,0.1353,0.1443,1,0.0371,0.0815,0.1347,1,0.132,0.055,0.0607,108.3,0.27,0.1164,0.1149,2.8,0.711,9,3,0.915,1,1,5.03,0,7,15,0.4176,0.1862,0.3068,0.1574,300,6.38,90,130,90,23,5,23,13.33,6.73
360_041,8531.3,353.63,94.37,95.93,113.52,1.17,1.13,0.91,21.5,14.6,1.88,2.67,0.1,4767.86,476.79,37.45,20.97,38.87,4.18,53.09,0,0.59,0.033,0.28,0.18,1,0.0286,0.1115,0.1593,1,0.1273,0.0588,0.0623,108.3,0.27,0.1164,0.1149,2.8,1.147,2,2,0.355,0.333,1.667,5.87,0,4,14,0.703,0.273,0.5133,0.266,290,4.88,100,135,95,17,5,22,13,7.56
360_042,4765.12,261.48,83.94,73.26,97.09,1.34,0.91,0.77,24.5,10.27,1.49,2.08,0.071,4671.36,657.94,34.13,15.2,21.47,3.66,45.76,0,0.56,0.0474,0.2154,0.1313,1,0.0378,0.1119,0.176,1,0.1557,0.0643,0.0793,41.7,0.33,0.1803,0.1705,4.4,2.07,16.333,1,1,0.76,0.667,4.18,0,5,8,0.4827,0.27,0.308,0.1877,190,3.98,60,85,75,7,3,8,8.33,5.02
360_043,12202.75,471.22,82.79,126.74,148.11,1.17,0.9,1.02,26.5,16.31,3.16,5.99,0.279,12416.26,445.03,46.58,22.47,47.47,6.03,61.19,0,0.5,0.02,0.1373,0.1127,1,0.0443,0.1204,0.126,1,0.1075,0.0438,0.071,153.3,0.16,0.08,0.0668,2.2,0.956,24.667,0.333,1.645,2,0,6.02,1,6,31,0.507,0.201,0.304,0.203,300,7.07,125,155,120,28,5,23,16,7.28
360_044,9638.83,375.58,75.44,106.4,147.38,1.38,0.56,1.41,18.5,16.29,1.89,3.45,0.161,7182.85,446.14,46.67,22.41,37.2,3.65,48.65,0,0.52,0.0307,0.2243,0.1263,1,0.0331,0.1065,0.13,1,0.1383,0.0806,0.0584,108.3,0.25,0.1501,0.1553,3.6,1.983,8.667,2,3.543,2.667,1,5.33,0,6,17,0.532,0.2703,0.4297,0.1927,265,7.11,120,155,115,27,5,30,21,7.91
360_045,11370.63,370.64,83.5,113.23,144.48,1.28,0.81,1.16,21,13.76,1.16,3.28,0.14,6799.2,485.66,42.68,20.59,46.9,3.91,45.81,0,0.53,0.0342,0.1873,0.1177,1,0.0346,0.056,0.121,1,0.175,0.0759,0.105,68.3,0.28,0.1189,0.1242,3,1.742,21.333,2.667,0.915,2,1.667,5.64,1,7,18,0.5493,0.2263,0.315,0.175,220,6.84,105,150,110,30,3,16,26.66,8.85
360_046,14729.79,458.14,88.25,132.7,158.87,1.2,1.01,1.1,25,17.88,2.5,6.63,0.254,15670.46,616.95,38.31,16.21,34.8,2.75,34.38,0,0.47,0.0313,0.1393,0.097,2,0.0299,0.0661,0.1053,1,0.08,0.0424,0.064,105,0.21,0.1046,0.0866,3.4,3.33,21,0.333,3.863,4.667,0.333,5.95,1,7,17,0.516,0.2227,0.299,0.1407,225,7.02,120,165,135,28,4,17,23.75,10.33
360_048,19755.7,521.8,80.65,146.51,206.69,1.41,0.92,0.97,29,15.2,1.43,3.83,0.172,10445.76,607.31,44.91,16.47,42.57,4.46,48.16,0,0.38,0.0311,0.1097,0.1094,1,0.029,0.0694,0.1275,1,0.1167,0.0543,0.0725,90,0.22,0.1011,0.1355,3,2.47,11.667,1,3.81,3,2,7.13,0,6,16,0.7383,0.343,0.5073,0.2733,240,6.52,120,165,130,28,3,16,25,9.49
360_049,6763.2,309.3,80.86,88.37,118.02,1.34,0.63,1.22,25,11.25,1.38,2.76,0.122,6763.2,554.36,44.2,18.04,39.97,3.34,45.09,0,0.48,0.0364,0.1383,0.0997,1,0.0273,0.083,0.1023,1,0.122,0.0483,0.07,50,0.21,0.1163,0.1286,2,2.883,7.333,0.667,0.65,1.333,0,6.4,0,6,19,0.566,0.2247,0.3313,0.1333,260,6.68,110,150,110,30,4,24,27.5,9.39
360_050,9199.02,355.96,81.96,107.85,130.96,1.21,0.68,1.19,19,17.06,1.91,3.77,0.165,7651.43,463.72,43.77,21.56,48.97,4.65,54.75,0,0.57,0.0382,0.1983,0.1477,1,0.0356,0.1183,0.148,1,0.1343,0.0628,0.0916,88.3,0.59,0.2756,0.2698,3.4,1.53,10,1.333,1.407,1.333,0,5.98,1,6,28,0.5023,0.285,0.2907,0.1937,245,6.8,100,130,95,25,4,15,16.25,11.16
360_051,7759.98,328.34,86.79,92.88,118.46,1.28,0.55,0.97,15.5,16.29,1.7,2.58,0.115,5910.37,513.95,44.57,19.46,40.27,4.23,50.45,0,0.36,0.0395,0.1064,0.1287,1,0.0321,0.0809,0.0978,1,0.1083,0.0375,0.0579,70,0.27,0.1268,0.1508,3.6,1.104,4.667,1.667,1.083,1,0.667,5.21,1,8,16,0.434,0.1587,0.3047,0.172,248,4.87,80,115,85,20,6,28,15.83,8.8
360_052,7716.59,331.69,77.95,95.93,128.34,1.34,0.61,1.1,20.5,15.67,2.02,3.02,0.098,7060.15,720.42,32.45,13.88,34.23,3.92,43.04,0,0.39,0.0322,0.145,0.0977,1,0.0321,0.0648,0.1149,1,0.1023,0.0437,0.047,138.3,0.18,0.1062,0.0998,2.4,1.733,19.333,0.667,1.201,3,2,5.1,1,6,28,0.3907,0.2147,0.326,0.1773,255,6.73,95,135,95,22,6,23,15.83,6.56
360_053,11179.18,383.87,82.67,105.96,153.78,1.45,0.8,0.98,26,13.2,1.45,5.04,0.19,8092.63,425.93,37.7,23.48,35.87,3.1,40.42,0,0.57,0.0431,0.211,0.1467,1,0.0361,0.1021,0.161,1,0.1233,0.0402,0.0871,88.3,0.23,0.1079,0.1511,2.6,1.55,8.667,1,1.988,3,1.667,7,0,5,18,0.4537,0.275,0.4417,0.206,245,7.36,105,145,105,25,3,17,12.85,9.23
360_054,6672.69,316.72,81.02,89.24,116.13,1.3,0.71,1.21,24,11.17,1.51,2.24,0.1,5747.36,574.74,44.64,17.4,36.27,4.23,50.95,0,0.38,0.0315,0.1237,0.1163,1,0.0262,0.0699,0.1149,1,0.0889,0.0432,0.0524,141.7,0.2,0.0917,0.0673,2.2,1.125,8.333,1,0.871,3,2.667,5.27,1,6,19,0.5213,0.2293,0.4257,0.1937,220,5.97,95,130,95,20,7,35,12.85,8.09
360_055,14375.08,411.48,84.86,132.99,158.72,1.19,1,1.04,22,13.71,1.2,1.85,0.225,11297.66,502.12,121.62,19.92,43.17,5.09,52.47,0,0.59,0.0377,0.2527,0.1443,1,0.0438,0.1012,0.1317,1,0.1727,0.084,0.0796,125,0.22,0.1101,0.0878,3.2,1.25,14.667,2.667,1.333,0.918,1.333,7.5,1,7,32,0.589,0.2593,0.3687,0.1507,170,7.27,120,170,135,25,5,17,18,7.83
360_056,8792.93,321.08,81.59,93.02,126.02,1.37,1,1.23,18,12.78,1.4,5.51,0.024,3190.24,1329.27,4.36,7.52,43.97,3.59,49.41,0,0.59,0.0381,0.2507,0.127,2,0.0365,0.13,0.1323,1,0.1247,0.0446,0.0809,96.7,0.57,0.2204,0.2006,1.2,0.894,25.333,2.333,0.917,5.333,1.667,7.21,0,6,15,0.7447,0.34,0.544,0.2727,145,5.8,105,150,120,27,2,9,17.5,10.31
360_057,9471.84,353.05,87.18,101.45,132.99,1.3,0.89,0.97,22.5,14.86,1.45,3.45,0.126,7147.95,567.3,36.52,17.63,43.1,3.2,43.67,0,0.41,0.04,0.1233,0.1247,1,0.044,0.1007,0.126,1,0.1207,0.0456,0.07,108.3,0.26,0.1638,0.1112,3.2,1.167,15.333,0.667,1.221,1.667,0,5.94,1,6,20,0.504,0.2753,0.3907,0.189,150,6.22,100,135,100,20,4,22,21.25,8.63
360_058,12332.68,461.48,81.23,115.99,157.85,1.36,0.64,0.79,23.5,18.11,3.39,5.4,0.141,8384.01,594.61,26.11,16.82,34.13,2.99,44.24,0,0.57,0.0339,0.2943,0.169,1,0.0317,0.1149,0.1264,1,0.124,0.0604,0.0551,110,0.22,0.0797,0.0977,2.4,1.933,8.333,0.667,1.61,2.333,1.667,6.59,1,6,18,0.7273,0.276,0.4007,0.203,240,7.44,125,165,120,15,6,23,11.67,8.42
360_059,9218.83,359.74,80.95,100.87,131.69,1.31,0.6,0.99,21.5,15.61,1.72,1.92,0.055,4802.43,873.17,28.65,11.45,47.33,3.64,46.86,0,0.53,0.0491,0.1903,0.1257,1,0.0338,0.0789,0.1163,1,0.1187,0.0528,0.0648,91.7,0.29,0.1288,0.1544,4,1.349,7,3.333,1.177,1.333,1,6.38,0,6,29,0.4343,0.219,0.2677,0.145,245,6.57,100,145,110,25,5,25,22,7.67
360_060,11928.53,433.14,82.21,122.82,143.75,1.15,0.73,1.27,20,17.72,2.74,3.2,0.201,6634.75,330.09,62.81,30.3,50.1,3.18,37.97,0,0.52,0.0284,0.169,0.1163,1,0.038,0.0954,0.1026,1,0.1413,0.0565,0.0841,156.7,0.18,0.0829,0.0727,1.8,0.612,7.667,1,1.35,2,1,6.4,0,6,16,0.545,0.2337,0.3437,0.193,200,6.43,105,135,110,33,5,19,13,7.56
360_062,8055.33,348.26,87.63,96.66,117.3,1.22,0.92,1.22,25,13.44,1.72,3.47,0.134,5760.63,429.9,38.62,23.26,33.3,2.8,42.91,0,0.45,0.0388,0.173,0.1144,1,0.0272,0.0637,0.0957,1,0.116,0.0465,0.0644,113.3,0.21,0.0786,0.0809,1.6,1.041,24.667,1.333,1.757,9.333,0,5.18,0,7,20,0.4503,0.236,0.32,0.1793,165,6,90,130,90,14,2,10,17.5,9.96
360_063,6161.9,286.92,82.57,83.87,110.03,1.31,0.9,0.98,17,12.64,1.53,2.29,0.091,4827.36,530.48,39.74,18.85,33.73,3.61,50.13,0,0.46,0.0418,0.195,0.12,1,0.0326,0.1103,0.145,1,0.1237,0.0428,0.061,55,0.31,0.164,0.1642,2.8,1.05,5.333,1.667,0.718,1.333,0.667,5.69,1,6,13,0.4563,0.2467,0.3727,0.1837,200,5.83,85,125,90,22,8,43,16.88,6.96
360_065,10127.98,421.95,80.67,109.88,140.99,1.29,0.71,1.22,27.5,14.24,2.57,3.27,0.232,7804.56,336.4,70.95,29.73,39.9,4.93,46.69,0,0.39,0.0367,0.1593,0.1247,1,0.0272,0.0618,0.0918,1,0.0951,0.0361,0.0538,75,0.24,0.1368,0.1195,2.6,0.898,14.333,2.333,1.69,4.667,0,5.38,0,5,11,0.4953,0.239,0.345,0.1647,130,4.43,90,115,58,20,3,9,13.33,6.83
360_066,14526.1,473.84,89.38,138.95,146.66,1.05,0.86,0.95,27.5,15.73,2.46,5.23,0.32,9979.3,311.85,61.19,32.07,51.3,3.73,46.39,0,0.44,0.0436,0.1453,0.129,1,0.0271,0.0618,0.1263,1,0.119,0.0472,0.0708,86.7,0.19,0.1114,0.0929,2.2,1.457,15,1.667,1.633,3.667,0.667,7.46,0,6,22,0.6087,0.2633,0.4317,0.2047,210,8.6,150,200,145,25,1,8,55,19.23
360_067,7109.42,317.59,82.04,87.65,118.02,1.36,0.6,1.13,20.5,14,1.66,2.04,0.19,4513.76,237.57,93.14,42.09,39.4,4.05,49.56,0,0.44,0.0346,0.1477,0.1483,1,0.0297,0.0909,0.1753,1,0.126,0.0604,0.067,81.7,0.25,0.1454,0.1354,3.2,1.156,10.667,5.667,0.647,3.667,2.333,5.32,1,5,33,0.4273,0.1727,0.3247,0.15,220,6.26,90,115,80,22,10,45,13,6.42
360_068,12755.16,440.7,83.01,128.2,151.89,1.19,0.81,1.15,28.5,14.34,1.95,5.21,0.34,11512.98,338.62,65.26,29.53,37.7,2.37,34.24,0,0.42,0.0396,0.1377,0.0881,1,0.0286,0.0728,0.0945,1,0.1107,0.0372,0.0811,51.7,0.19,0.0948,0.0976,2,1.212,26,0,1.807,4.667,0.667,6.43,0,6,22,0.509,0.2477,0.4027,0.211,195,6.41,120,155,100,25,5,16,12,7.02
360_070,3775.56,233.58,76.97,66.72,90.12,1.34,0.8,1.18,16.5,10.91,1.47,2.68,0.135,4686.65,347.16,50.37,28.81,29.07,3.49,43.01,1,0.48,0.0286,0.2237,0.0981,3,0.0544,0.081,0.0986,1,0.0881,0.0552,0.0693,168.3,0.17,0.089,0.0818,1.4,0.54,4,0.667,0.469,1.667,1,2.15,1,5,16,0.188,0.0996,0.115,0.0591,230,5.9,90,120,58,22,6,34,15,7.61
360_071,7367.45,288.95,92.3,94.62,100.73,1.06,0.6,1.1,21.5,10.16,0.98,1.88,0.15,3810.76,254.05,79.79,39.36,31.37,3.34,41.05,0,0.65,0.04,0.279,0.1663,1,0.0483,0.1002,0.1117,1,0.1743,0.0755,0.0851,63.3,0.31,0.1848,0.174,2.6,0.524,9.333,6,0.517,2,1.333,6.08,1,7,18,0.414,0.171,0.3427,0.1587,200,5.83,115,145,110,30,4,28,23.75,6.84
360_072,7013.76,313.08,85.14,92.88,112.06,1.19,0.97,0.99,22,12.66,1.33,2.23,0.215,5115.94,237.95,96.41,42.03,43.43,5.58,56.55,0,0.65,0.0486,0.1267,0.1058,1,0.0417,0.1091,0.1283,1,0.126,0.0443,0.0803,91.7,0.24,0.1079,0.1238,3,1.185,18.333,1.667,1.21,3,1.333,5.76,1,5,11,0.446,0.2177,0.3183,0.1577,85,4.06,95,120,95,20,3,16,20,7.13
360_073,5988.96,328.2,80.05,86.48,108.87,1.27,0.88,1,22.5,13.12,2.47,2.73,0.183,6053.61,330.8,67.03,30.23,30.7,3.96,44.99,0,0.38,0.0352,0.141,0.1069,1,0.0363,0.0754,0.1115,1,0.0853,0.0343,0.0537,138.3,0.21,0.112,0.1034,2.6,1.233,19.333,1,2.078,4.667,1,4.8,1,6,19,0.407,0.18,0.3317,0.135,130,6.32,95,125,85,28,5,20,16,7.36
360_074b,5298.35,253.63,88.34,79.22,95.78,1.2,0.8,1,18.5,11.27,1.03,2.62,0.162,4547.31,280.7,61.83,35.63,43.97,3.51,44.07,0,0.49,0.0419,0.2047,0.1663,1,0.0376,0.0852,0.139,1,0.1213,0.0658,0.0512,75,0.41,0.2036,0.2036,0.19,0.939,6.333,1.667,1.39,2.667,0.667,4.76,0,5,14,0.4447,0.1297,0.3747,0.1468,170,4.9,75,105,80,22,6,33,16.67,7.21
360_079,4247.9,233.28,79.33,67.44,92.15,1.36,0.59,0.88,16,12.38,1.41,2.52,0.172,6194.9,360.17,68.25,27.76,35.9,4.1,42.6,0,0.45,0.0206,0.194,0.0805,2,0.0326,0.0952,0.07,1,0.0961,0.0326,0.0582,308.3,0.12,0.1127,0.0447,1.4,1.197,42.667,1.667,1.61,7.667,1.667,4.35,1,6,23,0.3813,0.1803,0.321,0.142,150,6.22,85,125,95,20,5,23,15,7.57
360_080,7665.63,313.66,91.32,90.84,112.21,1.23,0.62,1.1,24.5,11.22,1.34,2.02,0.18,4821.36,267.85,89.11,37.33,45.27,3.11,31.84,0,0.38,0.0368,0.1132,0.1165,1,0.0386,0.057,0.104,1,0.1035,0.0405,0.0545,73.3,0.12,0.0446,0.0448,1,1.617,11.333,1.333,1.55,3.333,1,5.79,1,5,23,0.4507,0.2337,0.3327,0.1623,105,5.34,85,120,85,18,6,27,12.5,7.8
360_081,12775.02,411.19,87.93,118.17,150.73,1.29,1.07,1.17,28,12.37,1.47,4.71,0.248,9269.96,373.79,52.65,26.75,33.47,3.35,36.58,0,0.57,0.0428,0.1383,0.159,1,0.0429,0.0846,0.137,1,0.1447,0.0654,0.0819,113.3,0.23,0.1,0.1026,3.2,1.42,17.333,3,2.419,3.667,0.667,7.47,0,6,26,0.5373,0.2363,0.3057,0.1717,180,5.79,100,140,100,22,4,25,22.5,10.28
360_082,10007.65,356.4,80.28,103.2,142.73,1.39,0.82,1.02,20,13.02,1.47,2.77,0.156,6089.69,390.36,56.32,25.62,47.43,2.32,32.13,0,0.46,0.0319,0.1377,0.1287,1,0.0317,0.0663,0.1006,1,0.1077,0.0452,0.0691,65,0.35,0.1109,0.1051,2.6,1.42,10.333,2.333,1.067,2.333,2,7.1,1,6,22,0.5173,0.2777,0.4453,0.187,160,5.88,90,130,85,24,7,22,14.29,6.49
360_083,4909.83,274.85,82.15,73.4,101.45,1.38,0.84,0.79,22.5,11.28,1.66,1.9,0.071,5442.3,766.52,37.37,13.05,38.53,3.3,35.32,0,0.35,0.0362,0.0948,0.0874,1,0.0265,0.0727,0.0882,1,0.1197,0.0664,0.0466,83.3,0.19,0.0891,0.059,1.8,0.805,2,0.667,0.829,1,0.333,3.45,1,5,12,0.239,0.0989,0.1753,0.0843,120,5.73,80,120,85,21,1,8,30,15.23
360_086,5982.92,294.33,81.48,80.38,106.4,1.33,0.68,1.24,24,10.16,1.68,1.67,0.075,3049.54,406.6,44.91,24.59,59.8,3.85,51.82,0,0.45,0.0399,0.1383,0.0926,1,0.0346,0.1046,0.13,1,0.1277,0.0359,0.0839,111.7,0.2,0.1011,0.0858,1.8,0.828,29,0.667,1.927,8,1.333,6.66,0,7,25,0.4487,0.167,0.415,0.1583,130,6.3,95,125,90,25,4,12,10,7.05
360_088,4337.4,232.41,82.47,70.64,90.55,1.28,1.05,1.51,18.5,9.81,1.06,2.76,0.112,5869.81,524.09,40.58,19.08,37.63,3.57,49.21,0,0.34,0.0315,0.1263,0.1133,1,0.0268,0.0565,0.0863,1,0.0782,0.0335,0.0409,60,0.31,0.154,0.1996,3,0.987,26,3.667,1.038,3.333,2.333,4.31,0,5,24,0.3147,0.1387,0.2573,0.134,65,3.42,65,90,65,19,1,8,20,7.68
360_089,5541.93,324.85,72.99,81.1,112.35,1.38,0.54,1.22,23,12.68,2.48,4.3,0.16,7410.51,463.16,37.21,21.59,37.37,3.49,43.01,0,0.61,0.0467,0.266,0.152,1,0.0466,0.1217,0.1553,1,0.1373,0.0619,0.0688,78.3,0.22,0.1396,0.1188,3.2,1.166,7.333,3.333,1.48,1.667,0,4.07,1,6,10,0.3827,0.194,0.233,0.1447,100,3.8,60,80,70,20,3,14,10,5.05
360_090,12733.99,398.55,90.63,129.65,136.77,1.07,1,1.28,30.5,10.99,1.17,5.61,0.212,10759.53,507.53,37.79,19.7,50.3,4.65,42.78,0,0.61,0.0467,0.266,0.152,1,0.0466,0.1217,0.1553,1,0.1373,0.0619,0.0688,115,0.19,0.0953,0.0793,1.8,0.818,9,0,1.021,1,2.667,4.07,1,6,10,0.3827,0.194,0.233,0.1447,125,5.93,80,110,95,20,4,22,13.75,6.73
360_091,15124.73,489.39,77.29,130.38,179.8,1.37,0.78,0.85,28.5,16.7,2.57,5.33,0.22,10137.24,460.78,41.28,21.7,36.37,2.23,46.17,0,0.52,0.0375,0.1337,0.1287,1,0.0423,0.081,0.1663,1,0.1427,0.0704,0.0706,46.7,0.11,0.0549,0.0442,1,1.44,11,0.667,1.477,3.667,1,7.95,1,5,22,0.748,0.29,0.42,0.2,135,5.04,75,115,80,24,3,13,13.75,6.81
360_093,5244.47,294.62,85.43,78.78,96.95,1.23,0.89,1.3,22,11.69,1.91,2.99,0.1214,6501.91,535.58,40.6,18.67,39.17,3.48,33.91,1,0.58,0.0304,0.3503,0.0947,3,0.0262,0.0636,0.0834,1,0.0981,0.0407,0.0553,135,0.14,0.0824,0.099,1.2,0.671,5,0.333,0.745,1,0,3.14,1,7,16,0.24,0.0925,0.1813,0.11,100,3.88,75,105,80,25,3,11,13.33,7.7
360_094,6271.59,292.73,81.61,88.23,109.45,1.25,0.67,1.03,25,10.86,1.48,2.26,0.084,5760.12,685.73,37.17,14.58,31.57,3.67,42.24,0,0.32,0.0292,0.1193,0.0986,1,0.0273,0.062,0.104,1,0.0895,0.0371,0.0423,91.7,0.2,0.1227,0.1144,2.6,1.025,19.333,1.667,1.047,2.667,1,4.86,0,5,20,0.3803,0.1687,0.2683,0.131,125,4.75,75,105,70,18,4,29,17.5,6.9
360_095,8770.7,354.22,90.78,103.2,119.04,1.15,0.82,1.08,30.5,10.59,1.27,3.56,0.1,7698.08,769.81,28.09,12.99,37.97,5.43,55.03,0,0.49,0.0311,0.1987,0.113,2,0.02,0.0814,0.1187,1,0.1063,0.0545,0.0608,68.3,23.26,0.1049,0.0808,2.6,1.292,14.333,0,1.064,2.333,0.333,6.18,1,5,30,0.5383,0.2417,0.3407,0.1613,130,6.18,95,135,110,21,4,17,17.5,8.92
360_096,5842.01,315.41,75.97,89.1,108.87,1.22,0.26,1,20,14.66,2.34,3.29,0.131,5842.85,446.02,39.82,22.42,44.47,2.78,42.21,0,0.39,0.0392,0.112,0.117,1,0.0384,0.0716,0.0997,1,0.1107,0.0484,0.0606,106.7,0.28,0.0961,0.0943,2.8,1.008,9,1.333,0.651,1.667,0,4.87,1,5,17,0.4657,0.242,0.3177,0.198,105,3.86,80,105,75,15,5,19,13,6.55
360_097,10890.77,539.1,76.17,120.64,148.11,1.22,0.75,1,39,11.67,3.04,3.37,0.156,8528.6,546.7,46.29,18.29,35.87,2.51,42.77,0,0.45,0.0294,0.0994,0.0786,1,0.0343,0.066,0.0936,1,0.0975,0.0386,0.0535,91.7,0.18,0.1216,0.0946,2.2,2.045,19,0,1.55,3.333,0,6.4,1,5,25,0.525,0.256,0.3767,0.205,135,5.5,115,150,105,24,8,33,11.25,7.01
360_098,9295.23,399.85,79.44,106.25,134.3,1.29,0.56,1.02,28.5,13.03,2.35,4.13,0.096,6466.08,673.55,23.24,14.85,27.77,4.24,43.57,0,0.5,0.0274,0.2133,0.1247,2,0.0263,0.0725,0.1032,1,0.108,0.0484,0.0508,56.7,0.25,0.1137,0.1093,3,1.49,10.333,1.333,1.447,2.333,0.667,6.03,1,5,21,0.3987,0.159,0.2369,0.0927,100,4.77,100,125,85,36,4,18,17.5,6.66
360_099,6451.16,321.22,76.97,82.99,118.17,1.42,0.79,1.1,30.5,9.47,1.67,1.64,0.017,3691.27,2171.33,10.37,4.61,44,4.09,43.21,0,0.4,0.032,0.0994,0.1011,4,0.0326,0.0468,0.0844,1,0.0955,0.0427,0.0506,71.7,0.21,0.0701,0.0896,1.6,1.293,12,4.333,1.823,2,0,3.97,1,5,22,0.4013,0.2463,0.2697,0.1423,100,3.67,70,95,65,15,3,24,17.5,7.86
360_101,15335.78,425.87,94.45,135.17,150.29,1.12,0.92,1.03,32,12.28,1.11,4.57,0.191,11380.14,595.82,41.79,16.78,39.5,3.38,43.36,0,0.31,0.029,0.0791,0.0705,1,0.0286,0.0482,0.08,1,0.0899,0.0474,0.0445,96.7,0.18,0.0775,0.1149,3.6,1.216,15,3,1.62,3.333,2.333,5.73,1,6,24,0.2387,0.1249,0.2183,0.1567,135,5.05,85,130,100,23,1,9,40,13.43
360_102,11451.29,394.91,77.89,112.5,156.1,1.41,0.56,0.97,29,12.2,1.42,4.15,0.118,7099.11,601.62,28.43,16.62,31.67,4.4,47.17,0,0.45,0.0326,0.1632,0.1208,1,0.0384,0.0788,0.1036,1,0.0917,0.0402,0.0659,70,0.24,0.1546,0.1293,4.4,0.946,4.667,1,1.223,1.667,0,5.62,0,5,12,0.38,0.164,0.323,0.0944,120,5.51,100,140,100,20,5,31,14,6.18
360_103,11463.84,383.58,81.62,114.1,151.31,1.32,0.74,0.96,30,12.25,1.22,4.76,0.14,8073.03,576.64,29.41,17.34,37.1,3.3,35.32,0,0.44,0.0283,0.1863,0.1046,2,0.0282,0.1187,0.119,1,0.0998,0.0369,0.0533,121.7,0.15,0.0788,0.0852,2.2,1.004,9,2.333,1.005,3,1.333,5.99,0,7,23,0.2603,0.1803,0.2533,0.1193,90,6.25,80,120,90,23,3,13,15,9.33
360_104,10827.52,468.75,78.77,121.22,143.46,1.18,0.75,1.03,28.5,14.67,3.22,6.79,0.307,12177.44,396.66,45.21,25.21,42.8,4.65,51.04,0,0.35,0.0279,0.1377,0.0815,2,0.015,0.1028,0.0857,2,0.0864,0.0429,0.0434,81.7,0.12,0.0676,0.0719,2.2,1.069,13,0,1.065,2,0,4.76,1,7,31,0.3313,0.2093,0.2273,0.099,135,4.87,85,130,100,22,1,5,20,9.52
360_105,7201.53,279.8,85.8,86.19,105.96,1.2,0.83,1.24,20,10.85,1.18,4.51,0.167,12390.82,741.97,37.03,13.48,41.37,4.24,40.56,0,0.46,0.0244,0.0659,0.0732,1,0.0196,0.063,0.0778,1,0.0828,0.0312,0.0511,145,0.17,0.0458,0.0572,1.8,2.223,34.667,0,0.66,9,2.333,2.28,0,6,12,0.2033,0.1104,0.1613,0.0952,125,4.5,80,110,90,28,6,20,10.83,4.5
360_106,4604.18,254.65,79.21,74.85,97.24,1.3,0.53,1.03,16,14.4,1.71,1.92,0.088,4308.49,489.6,45.83,20.42,43.37,3.88,40.62,0,0.64,0.03,0.1637,0.1133,2,0.02,0.0642,0.0982,1,0.1153,0.068,0.0561,61.7,0.22,0.1383,0.1282,1.8,1.577,17.667,0.667,1.161,3,0,3.85,1,4,18,0.3803,0.1491,0.2447,0.1112,95,4.22,75,105,75,25,3,11,13.33,8.24
360_107,13390.81,432.12,81.04,128.05,162.06,1.27,0.71,1.22,31.5,12.4,1.43,6.63,0.295,13265.7,449.68,44.49,22.24,40.5,3.73,45.54,0,0.33,0.0288,0.1126,0.0933,2,0.0312,0.0752,0.1125,1,0.0967,0.0366,0.0583,66.7,0.24,0.1091,0.0963,2.6,0.747,10,2,1.873,1.333,0.333,5.19,1,6,22,0.4433,0.2833,0.2853,0.1677,120,5.91,105,145,100,25,2,11,22.5,12.93
360_108,6636.4,309.45,79.47,93.75,111.34,1.21,0.6,0.95,17.5,16.39,1.82,3.34,0.15,8172.83,544.86,44.91,18.35,34.27,3.87,40.87,0,0.29,0.0249,0.0851,0.1068,1,0.0352,0.061,0.0996,1,0.0888,0.0543,0.0326,71.7,0.22,0.077,0.0711,1.4,1.693,12,0.667,1.122,6.667,0.333,3.59,1,6,17,0.314,0.167,0.2293,0.1637,130,4.45,80,115,75,15,4,16,12.5,7.24
360_109,9211.65,366.28,79.9,102.33,133.87,1.3,0.7,0.95,25,13.76,1.88,1.86,0.072,5177.63,719.12,38.71,13.91,31.03,2.86,33.6,0,0.53,0.0468,0.1907,0.122,1,0.0411,0.0944,0.1237,1,0.1011,0.0555,0.0736,93.3,0.17,0.0719,0.0566,1.6,0.927,15.333,0.333,1.773,5.333,0,5.53,0,6,25,0.3313,0.1767,0.2447,0.1256,160,6.22,85,125,100,33,2,14,32.5,10.89
360_110,14156.34,519.91,85.06,128.05,163.08,1.28,0.74,1.08,31,15.2,2.45,12.35,0.215,15067.01,700.79,17.41,14.27,42.37,2.8,40.24,0,0.29,0.0334,0.094,0.1017,1,0.0298,0.0498,0.0778,1,0.2097,0.0289,0.0483,83.3,0.19,0.0894,0.0918,2.4,1.447,11.333,0,1.411,1.333,0,3.2,1,5,11,0.3157,0.1303,0.2383,0.0942,135,5.73,100,135,95,25,2,8,22.5,11.03
360_112,14326.28,426.45,88.75,127.76,155.09,1.22,0.9,1.31,20.5,13.98,1.38,6.88,0.2,9464.49,487.97,29.07,20.49,43.77,2.86,41.79,0,0.51,0.0255,0.198,0.0986,1,0.0349,0.149,0.1002,1,0.0786,0.0375,0.0447,120,0.14,0.0605,0.0619,1.8,1.212,5.333,0.667,1.58,1.667,0.333,5.02,0,5,29,0.469,0.167,0.3367,0.153,140,6.88,100,145,110,28,3,14,15,9.25
360_113,7956.52,332.85,79.74,94.19,130.52,1.4,0.79,1.07,24,11.68,1.34,3.78,0.157,7140.26,454.79,41.53,21.99,35.57,1.35,28.22,0,0.54,0.0333,0.2277,0.125,2,0.0352,0.117,0.117,1,0.1268,0.0638,0.0851,145,0.21,0.1201,0.1304,4,0.525,15,0.667,2.333,1.017,1,4.33,0,6,32,0.2927,0.1783,0.209,0.1283,115,4.74,90,130,95,20,3,12,15,11.06
360_114,4582.33,268.9,86.15,75,90.26,1.2,0.73,0.95,19,13.17,2.07,2.76,0.084,4624.04,550.48,30.43,18.17,33,3.46,40.77,0,0.64,0.0295,0.3007,0.13,2,0.0389,0.1407,0.1113,1,0.155,0.0705,0.0711,58.3,0.24,0.1212,0.1081,2.4,1.262,13.333,3.333,2.131,3.667,1.333,3.51,0,5,9,0.388,0.233,0.2857,0.219,115,4.91,60,80,60,13,3,10,10,8.24
360_115,11397,415.12,88.41,120.64,135.17,1.13,0.84,0.97,24.5,16.24,2.09,4.56,0.169,10167.32,601.62,37.06,16.62,35.1,3.59,42.07,0,0.46,0.0299,0.1853,0.0932,0,0.0319,0.0761,0.0887,1,0.1024,0.0394,0.0624,180,0.15,0.0834,0.0756,1.8,29.333,1.484,1,0.931,7,0.333,4.55,1,6,27,0.292,0.146,0.255,0.1273,140,6.58,100,145,110,32,7,23,13.57,6.91
360_117,7719.97,330.23,87.79,103.49,108.14,1.04,0.87,1.17,24,11.73,1.25,2.7,0.08,7719.97,965,29.63,10.36,39.2,4.67,40.06,1,0.55,0.0376,0.2493,0.1238,3,0.0307,0.0738,0.0767,1,0.1116,0.0483,0.04,48.3,0.32,0.1873,0.1864,3.6,0.792,6,2.667,0.489,1,0,2.6,1,6,15,0.281,0.163,0.2253,0.1377,205,6.34,95,135,100,25,5,21,15,8.29
360_119,11799.37,402.33,87.79,125,136.63,1.09,0.88,1.25,29,11.61,1.5,5.54,0.262,11799.37,450.36,47.29,22.2,56.1,4.38,48.21,0,0.38,0.0304,0.1207,0.0991,1,0.0311,0.0809,0.1077,1,0.0943,0.0351,0.0525,111.7,0.19,0.0715,0.0817,1.8,1.313,17,1,0.805,1.333,0.667,5.79,1,7,30,0.407,0.199,0.3457,0.2257,130,4.26,80,110,80,22,1,9,30,9.49
360_120,5021.21,260.47,81.2,76.45,101.31,1.33,0.59,1.03,22,9.95,1.01,3.83,0.115,5024.93,436.95,30.03,22.89,52.6,4.43,40.92,0,0.66,0.0389,0.3217,0.159,3,0.0317,0.1567,0.1263,2,0.1373,0.0514,0.0851,93.3,0.23,0.1,0.111,1.8,0.837,12.667,1.333,1.139,1,0,2.12,0,5,9,0.228,0.0967,0.1677,0.1047,140,6.15,90,130,85,25,1,7,40,12.36
360_121,6529.54,319.19,85.86,90.41,106.4,1.18,0.6,1.24,22,12.86,1.83,2.28,0.092,6529.54,709.73,40.35,14.09,45.83,4.57,46.37,0,0.82,0.0334,0.2457,0.118,3,0.033,0.086,0.0978,2,0.1523,0.0586,0.0984,56.7,0.25,0.1148,0.1086,1.6,0.652,13.333,2.333,0.624,0.853,0,2.2,1,7,10,0.1943,0.1107,0.135,0.0914,110,5.09,75,105,90,28,3,17,25,9.13
360_122,12571.2,416.42,84.63,125.29,149.71,1.2,0.79,1.36,23,13.44,1.53,5.04,0.193,11612.7,601.69,38.29,16.62,43.73,2.84,29.67,0,0.37,0.0222,0.1767,0.0847,1,0.0308,0.0652,0.0868,2,0.1002,0.0466,0.0556,123.3,0.14,0.1012,0.1021,3,1.045,15,4,0.773,4,0.333,4.71,1,5,15,0.3197,0.2107,0.2633,0.1927,85,3.87,85,125,95,16,7,31,12.14,4.85
360_124,5072.67,265.26,86.68,79.51,92.88,1.17,0.89,0.97,19,12.73,1.75,1.9,0.088,5628.04,639.55,46.32,15.64,39.87,4.1,44.09,0,0.37,0.0266,0.093,0.0779,1,0.0278,0.0843,0.0936,1,0.1044,0.048,0.061,90,0.18,0.1006,0.1099,2.8,0.988,25,1.667,1.16,0.667,0,2.99,1,4,15,0.3207,0.1283,0.218,0.0989,100,3.77,55,75,60,15,5,23,11,6.53
360_125,5498.71,264.1,81.42,80.38,104.94,1.31,0.64,1.01,16,13.15,1.37,1.97,0.089,5088.98,571.8,45.18,17.49,40.03,4.03,50.69,0,0.66,0.027,0.3383,0.1005,3,0.0295,0.1035,0.0999,1,0.1313,0.0658,0.0613,83.3,0.18,0.1008,0.1268,2.8,0.453,23,5,0.863,2.667,1.333,2.62,1,6,17,0.2557,0.1764,0.2033,0.1403,165,6.43,75,125,95,23,5,23,14,7.32
360_126,9321.34,340.12,82.62,105.09,133.58,1.27,0.78,1.3,25,11.21,1.14,5.18,0.208,11197.27,538.33,40.15,18.58,38.5,3.44,40.75,0,0.39,0.0278,0.131,0.0827,1,0.0272,0.0754,0.082,1,0.1177,0.0493,0.0601,130,0.17,0.0929,0.1031,2.4,1.387,23.333,2,1.663,1.667,0.667,3.29,1,5,22,0.3223,0.1125,0.1917,0.1143,190,7.93,105,150,120,25,5,24,17,7.76
360_127,5214.81,269.48,76.97,78.78,106.98,1.36,0.68,1.34,19,11.8,1.45,1.84,0.0854,5214.81,610.63,46.41,16.38,37.87,4.66,46.71,0,0.4,0.0322,0.145,0.0963,1,0.0271,0.0785,0.1003,1,0.1423,0.082,0.0727,93.3,0.2,0.1193,0.102,3.4,0.833,19,0.333,0.646,2.667,0.333,3.84,0,6,22,0.366,0.2117,0.3007,0.165,135,5.33,90,125,95,20,5,17,12,6.08
360_128,12654.05,403.92,84.66,115.7,157.99,1.35,0.63,1.09,27.5,14.05,1.56,10.52,0.42,16883.79,401.99,39.92,24.88,36.67,3.35,47,0,0.5,0.0279,0.213,0.1147,2,0.0282,0.1088,0.1017,1,0.1377,0.0577,0.075,78.3,0.21,0.1355,0.1428,2.8,0.726,7,3.667,1.313,1.667,0.333,3.15,1,6,15,0.3733,0.1497,0.1773,0.1107,105,4.57,80,105,80,20,5,21,16,6.53
360_129,9074.12,396.8,76.25,104.8,140.7,1.34,0.53,0.98,26,14.08,2.51,5.1,0.176,10484.21,595.69,34.51,16.79,31.43,3.63,43.02,0,0.39,0.0159,0.1363,0.0782,2,0.02,0.07,0.1024,1,0.1187,0.0458,0.0803,145,0.15,0.109,0.0866,3.2,0.637,9.333,1.667,1.22,3.667,1.667,3.55,1,7,22,0.3,0.128,0.204,0.1124,100,4.42,85,120,75,20,4,22,16.25,7.61
360_130,10270.67,388.37,94.81,115.7,119.19,1.03,0.87,1.01,27,11.36,1.33,5.2,0.183,10270.67,561.24,35.19,17.82,43.2,4.8,51.63,0,0.36,0.0321,0.0894,0.0845,1,0.0295,0.0586,0.0779,1,0.118,0.055,0.072,105,0.2,0.1578,0.1354,4.2,1.257,18,0,1.001,2.667,1,3.89,0,5,22,0.316,0.163,0.259,0.1247,85,4.44,85,115,85,23,2,11,17.5,10.12
360_131,5284.44,277.33,88.17,78.2,96.51,1.23,0.83,1.1,17,13.91,1.62,2.84,0.098,5284.44,539.23,34.51,18.54,34.93,2.67,37.66,0,0.41,0.0336,0.145,0.0955,1,0.0334,0.0788,0.0902,1,0.1183,0.0538,0.0646,120,0.15,0.1457,0.0482,1.2,0.77,22.667,0.667,0.77,2.333,1,3.97,1,7,13,0.4073,0.237,0.278,0.1803,130,4.96,75,110,80,20,5,29,15,7.11
360_132,8276.69,312.06,82.03,93.9,120.35,1.31,1.18,1.35,20,11.39,1.04,5.78,0.331,13186.35,398.38,57.27,25.1,45.03,5.8,52.24,0,0.45,0.0321,0.1817,0.076,2,0.0294,0.0917,0.0762,1,0.12,0.0588,0.0564,120,0.15,0.1457,0.0482,1.2,0.83,30,6.667,1.317,2.333,3.667,2.41,0,6,22,0.234,0.1233,0.1743,0.0939,105,4.57,80,105,80,23,2,9,15,11.4
360_133,7111.78,369.19,72.17,94.19,130.09,1.38,0.54,1.04,17.5,15.85,2.96,4.23,0.158,7124.63,450.93,37.35,22.18,38.57,3.41,46.64,0,0.6,0.0339,0.2227,0.1263,2,0.0285,0.0854,0.0856,1,0.1227,0.0426,0.0796,113.3,0.38,0.0871,0.0845,2.2,0.497,4,2.333,0.584,2.667,2.333,2.82,0,7,16,0.167,0.1172,0.1833,0.0865,105,4.92,70,95,60,16,2,11,15,6.7
360_134,4340.52,238.37,87.27,72.82,83.58,1.13,0.56,1.01,17.5,11.76,1.4,2.87,0.199,6053.69,304.21,69.34,32.87,37.03,3.37,41.87,0,0.38,0.0297,0.17,0.0777,2,0.0238,0.0719,0.0802,1,0.0933,0.0372,0.0514,113.3,0.18,0.0969,0.0787,1.4,0.772,7.333,0.333,0.659,1.667,0,2.41,0,4,19,0.2103,0.1108,0.1083,0.0665,100,3.35,65,90,65,15,2,10,12.5,6.97
360_135,6193.93,282.99,85.36,86.48,106.54,1.23,0.75,1.28,25,10.36,0.95,2.99,0.17,6129.58,360.56,56.86,27.73,36.83,4.41,45.36,0,0.68,0.0353,0.3097,0.1283,3,0.0247,0.0873,0.096,1,0.1483,0.0682,0.0692,111.7,0.2,0.104,0.0902,1.8,0.648,3,1,0.641,3,1,3.18,0,8,22,0.3127,0.1523,0.2003,0.1163,160,5.61,85,105,95,25,3,9,11.67,9.66
360_137,4907.21,281.69,76.47,70.78,109.45,1.55,0.75,0.79,19,13.17,2.11,2.62,0.134,5583,416.64,51.15,24,34.77,4,52.43,0,0.45,0.0531,0.0847,0.0864,1,0.0502,0.0479,0.0735,1,0.0732,0.0487,0.0614,118.3,0.15,0.089,0.0781,2,0.599,3.667,1.333,0.689,1.667,0.333,2.49,0,5,8,0.2647,0.16,0.18,0.1073,110,5.01,85,120,80,22,3,14,30,7.1
360_138,4871.81,295.64,80.9,76.45,97.53,1.29,0.41,1.09,19,13.2,2.66,2.32,0.128,5873.11,458.84,55.17,21.79,31.03,4.07,49.49,0,0.32,0.029,0.0695,0.0779,1,0.0274,0.0959,0.1022,1,0.1008,0.0307,0.0692,90,0.2,0.0928,0.0943,1.67,0.651,3.333,0,0.635,1.667,0,2.61,0,6,13,0.282,0.1537,0.1803,0.1042,140,4.42,80,105,75,25,6,29,15,6.77
360_139,2214.25,168.46,81.34,48.69,62.35,1.32,0.64,0.95,11.5,9.93,1.22,1.39,0.027,3469.7,1285.07,19.42,7.78,28.53,2.86,38.66,0,0.3,0.0279,0.11,0.0609,1,0.0246,0.0509,0.0665,1,0.0765,0.0375,0.0383,136.7,0.16,0.0745,0.0598,1.8,0.665,9.333,0,0.641,1.667,0,1.79,0,7,10,0.1753,0.0595,0.3297,0.055,170,5.79,75,100,70,17,5,19,14,8.7
360_141,3229.7,215.55,93.99,62.65,63.37,0.98,1.15,0.95,16.5,10.33,1.75,1.8,0.075,5209.49,694.6,41.67,14.4,42.07,4.52,47.69,0,0.31,0.029,0.0914,0.0519,1,0.0252,0.0613,0.0677,1,0.0919,0.0354,0.0556,180,0.15,0.0555,0.0569,1.2,0.59,9.333,1,0.652,2.333,0.33,2.13,1,6,18,0.1707,0.116,0.097,0.097,150,5.05,75,105,75,26,7,33,15,7
360_142,4108.94,223.98,90.4,71.08,78.05,1.08,0.78,1.12,18.5,8.87,1.11,2.52,0.116,6002.74,517.48,46.03,19.32,34.23,3.33,36.59,0,0.33,0.0244,0.157,0.0748,2,0.0238,0.057,0.0755,1,0.0853,0.0367,0.0473,96.7,0.19,0.0711,0.0613,1.2,0.447,14,0,0.916,2.667,0,2.01,1,5,14,0.2253,0.0884,0.1847,0.0867,180,5.1,75,105,80,24,5,21,14,6.35
360_143,8006.06,329.36,87.28,99.85,116.42,1.17,1.34,1.04,15.5,14.98,1.62,3.58,0.142,8033.57,565.74,39.66,17.68,50.47,4.78,40.71,0,0.34,0.0273,0.0832,0.0606,1,0.0286,0.0652,0.0789,1,0.1085,0.0509,0.0514,193.3,0.16,0.0908,0.0849,2.8,0.664,5.667,1.333,0.86,1,0.333,3.96,1,6,24,0.3227,0.1767,0.313,0.1393,135,4.11,65,95,75,22,4,26,16.25,7.5